Entity,Year,Average annual working hours per worker,Average years of schooling,Gini coefficient,990179-annotations,"GDP per capita, PPP (constant 2021 international $)",Gender Development Index,Human Development Index,Life expectancy - Sex: total - Age: 0 - Type: period,"Crude marriage rate (marriages per 1,000 people)",Urban population (% of total population),"Unemployment, total (% of total labor force) (modeled ILO estimate)"
Argentina,2010,1751.7655,10.59964,,,28056.258,0.999,0.834,75.68,3.0,90.849,7.714
Argentina,2011,1750.9741,10.69979,,,29425.76,0.993,0.842,76.0998,3.1,90.99,7.18
Argentina,2012,1726.2584,10.78507,,,28825.967,1.0,0.844,75.8024,3.2,91.121,7.217
Argentina,2013,1714.8711,10.8946,,,29227.66,0.999,0.846,75.8292,2.9,91.249,7.1
Argentina,2014,1695.364,10.90851,,,28200.814,0.996,0.847,76.2678,2.8,91.377,7.268
Argentina,2015,1691.5363,10.91755,,,28669.207,0.998,0.85,76.5995,2.8,91.503,7.58
Argentina,2016,1691.5363,10.92819,,,27802.105,0.994,0.848,76.105,2.7,91.627,8.083
Argentina,2017,1691.5363,11.016445,,,28334.904,0.994,0.853,76.5434,2.9,91.749,8.347
Australia,2010,1769.3094,12.03444,0.34656727,,51811.78,0.963,0.924,82.0132,5.4,85.182,5.214
Australia,2011,1768.6494,12.11584,,,52326.766,0.965,0.927,82.0911,5.4,85.3,5.083
Australia,2012,1759.5193,12.29574,,,53435.18,0.961,0.931,82.2966,5.4,85.402,5.225
Australia,2013,1755.8271,12.01886,,,53890.105,0.962,0.929,82.5511,5.1,85.502,5.663
Australia,2014,1747.937,12.167,0.34398198,,54470.16,0.961,0.931,82.5182,5.2,85.602,6.078
Australia,2015,1747.009,12.24564,,,54867.773,0.964,0.933,82.605,4.8,85.701,6.055
Australia,2016,1734.215,12.35211,0.33685225,,55507.977,0.965,0.936,82.8014,4.9,85.8,5.711
Australia,2017,1731.4943,12.42234,,,55846.03,0.966,0.937,82.7184,4.6,85.904,5.592
Austria,2010,1665.8439,11.71488,0.3025161,,60380.14,0.97,0.903,80.4634,4.5,57.399,4.883
Austria,2011,1671.6877,11.71115,0.30801,,61938.617,0.971,0.907,80.8281,4.3,57.115,4.637
Austria,2012,1647.8529,11.75163,0.30475533,,62044.215,0.97,0.909,80.8407,4.6,57.147,4.909
Austria,2013,1632.0676,11.78754,0.30752888,,61524.96,0.965,0.907,81.078,4.3,57.336,5.367
Austria,2014,1621.5658,12.0145,0.3053535,,61507.38,0.966,0.911,81.39,4.4,57.526,5.674
Austria,2015,1598.8944,12.07699,0.30530685,,61614.56,0.964,0.91,81.1592,5.1,57.715,5.802
Austria,2016,1609.3523,12.11466,0.3079501,,62242.336,0.968,0.913,81.5922,5.1,57.905,6.064
Austria,2017,1613.0519,12.15912,0.2973688,,63216.0,0.966,0.914,81.6387,5.1,58.094,5.561
Belgium,2010,1545.848,11.41578,0.28374815,,57385.035,0.967,0.913,80.04,3.9,97.651,8.293
Belgium,2011,1559.6238,11.46987,0.2806043,,57737.16,0.966,0.914,80.3664,3.7,97.698,7.14
Belgium,2012,1559.9052,11.49961,0.27490476,,57504.03,0.967,0.915,80.2604,3.8,97.744,7.542
Belgium,2013,1558.0079,11.53951,0.27668843,,57408.477,0.966,0.917,80.4668,3.4,97.789,8.425
Belgium,2014,1555.2025,11.64029,0.28134006,,58163.266,0.968,0.922,81.0802,3.6,97.833,8.523
Belgium,2015,1544.61,11.89404,0.27729303,,58679.684,0.968,0.924,80.8889,4.0,97.876,8.482
Belgium,2016,1545.8151,11.98532,0.2758073,,59080.15,0.97,0.927,81.2647,3.9,97.919,7.83
Belgium,2017,1544.269,12.23693,0.27387637,,59720.76,0.969,0.931,81.3624,3.9,97.961,7.086
Bulgaria,2010,1644.8379,10.72172,0.3565347,,21888.504,0.991,0.79,73.814,3.3,72.302,10.279
Bulgaria,2011,1643.5928,10.78185,0.34275046,,22489.762,0.991,0.794,74.1693,2.9,72.638,11.26
Bulgaria,2012,1644.4498,10.89634,0.36011046,,22789.791,0.991,0.798,74.3373,2.9,72.975,12.27
Bulgaria,2013,1644.9795,11.0063,0.36570963,,22793.305,0.992,0.804,74.8277,3.0,73.313,12.941
Bulgaria,2014,1644.059,11.05153,0.37415925,,23140.871,0.992,0.807,74.4664,3.4,73.651,11.424
Bulgaria,2015,1644.3853,11.18832,0.38564444,,24080.256,0.994,0.809,74.6208,3.9,73.99,9.143
Bulgaria,2016,1643.5475,11.23244,0.40589708,,24983.693,0.994,0.81,74.8271,3.8,74.329,7.575
Bulgaria,2017,1643.5475,11.2427,0.40378964,,25857.916,0.994,0.81,74.7977,4.0,74.669,6.164
Chile,2010,2070.0,9.85244,,,24125.287,0.955,0.813,79.0954,3.5,87.074,8.547
Chile,2011,2047.0,9.54413,0.46868134,,25375.229,0.96,0.816,79.2357,3.8,87.132,7.492
Chile,2012,2024.0,9.776546,,,26679.916,0.96,0.824,79.2211,3.7,87.189,6.79
Chile,2013,2015.0,10.00896,0.46823916,,27300.996,0.963,0.837,79.5509,3.5,87.246,6.361
Chile,2014,1990.0,10.132435,,,27514.764,0.963,0.841,79.7137,3.6,87.303,6.761
Chile,2015,1988.0,10.25591,0.45343325,,27821.197,0.964,0.846,80.0079,3.4,87.36,6.605
Chile,2016,1974.0,10.423215,,,27968.604,0.962,0.851,80.2949,3.4,87.422,6.926
Chile,2017,1974.0,10.59052,0.4526995,,27902.846,0.966,0.854,80.6096,3.3,87.49,7.29
Costa Rica,2010,2249.2654,8.23069,0.48043102,,18885.848,0.976,0.769,79.354,5.3,71.736,7.171
Costa Rica,2011,2289.8872,8.35133,0.4875928,,19487.002,0.975,0.778,79.624,5.4,72.868,9.518
Costa Rica,2012,2242.5991,8.41212,0.4841734,,20201.389,0.978,0.782,79.925,5.6,73.946,9.11
Costa Rica,2013,2156.5581,8.581184,0.49151823,,20476.135,0.979,0.787,80.1892,5.5,74.97,8.218
Costa Rica,2014,2135.5332,8.75025,0.4863214,,20974.729,0.978,0.79,80.2313,5.4,75.941,8.499
Costa Rica,2015,2156.9102,8.5845,0.48374,,21510.977,0.983,0.792,80.4069,5.5,76.862,8.415
Costa Rica,2016,2212.3835,8.56439,0.48704153,,22189.879,0.978,0.796,79.9879,5.5,77.735,8.085
Costa Rica,2017,2212.3835,8.64378,0.4834524,,22895.232,0.982,0.8,79.9944,5.2,78.56,7.729
Croatia,2010,1942.9996,11.02225,0.32373103,,28691.814,0.98,0.824,76.6761,5.0,55.155,11.62
Croatia,2011,1940.2762,11.14391,0.32254267,,28762.904,0.977,0.829,76.9926,4.7,55.322,13.678
Croatia,2012,1923.3143,11.269722,0.324717,,28248.32,0.979,0.832,77.2841,4.8,55.506,15.935
Croatia,2013,1909.4851,11.396954,0.3199227,,28389.107,0.981,0.839,77.51,4.5,55.706,17.251
Croatia,2014,1891.6031,11.525622,0.32102978,,28448.125,0.982,0.842,77.5144,4.6,55.923,17.29
Croatia,2015,1827.651,11.655744,0.31113166,,29458.7,0.984,0.844,77.6329,4.7,56.155,16.175
Croatia,2016,1834.9327,11.7873335,0.30897906,,30811.209,0.985,0.85,77.6294,4.9,56.403,13.103
Croatia,2017,1834.9327,11.920409,0.30352312,,32337.545,0.985,0.855,77.7264,4.9,56.667,11.208
Cyprus,2010,1856.2478,11.44206,0.3145779,,43094.992,0.959,0.859,80.6325,7.3,67.551,6.36
Cyprus,2011,1841.4391,11.57841,0.326255,,42184.42,0.964,0.863,80.8546,7.3,67.406,7.942
Cyprus,2012,1834.7371,11.80556,0.34312433,,40114.27,0.966,0.862,81.1284,6.7,67.261,12.097
Cyprus,2013,1804.8607,11.87838,0.37041834,,37558.96,0.97,0.863,81.3165,6.4,67.137,16.131
Cyprus,2014,1792.988,11.88368,0.35565287,,37300.188,0.982,0.867,81.3373,6.3,67.031,16.277
Cyprus,2015,1789.7061,11.86548,0.33966377,,38795.71,0.978,0.874,81.4637,7.2,66.946,15.026
Cyprus,2016,1783.5206,12.08658,0.32891682,,41156.77,0.977,0.881,81.5341,7.5,66.881,13.006
Cyprus,2017,1783.5206,12.18473,0.31416234,,43120.656,0.981,0.891,81.5431,6.8,66.836,11.155
Czechia,2010,1799.5005,12.38508,0.26623514,,40896.73,0.979,0.872,77.5677,4.5,73.255,7.281
Czechia,2011,1805.6233,12.46833,0.26381272,,41535.613,0.98,0.876,77.8144,4.3,73.185,6.712
Czechia,2012,1776.1244,12.51996,0.26109937,,41157.88,0.981,0.878,77.9977,4.3,73.197,6.979
Czechia,2013,1763.0048,12.59654,0.26473904,,41127.027,0.986,0.884,78.169,4.1,73.29,6.953
Czechia,2014,1776.7375,12.63814,0.25923222,,42006.17,0.986,0.889,78.7439,4.3,73.384,6.108
Czechia,2015,1756.161,12.67334,0.25867426,,44002.566,0.988,0.891,78.5609,4.6,73.477,5.048
Czechia,2016,1778.3971,12.73709,0.25406334,,45051.61,0.988,0.894,78.9744,4.8,73.57,3.952
Czechia,2017,1776.162,12.78682,0.2485221,,47256.684,0.988,0.896,78.926,5.0,73.675,2.893
Denmark,2010,1422.235,12.42589,0.2719856,,60233.363,0.99,0.913,79.2473,5.6,86.795,7.747
Denmark,2011,1436.7894,12.46645,0.27311745,,60772.168,0.981,0.927,79.786,4.9,86.957,7.769
Denmark,2012,1423.2501,12.70141,0.2779075,,60540.64,0.979,0.931,80.0822,5.1,87.142,7.798
Denmark,2013,1425.8413,12.74561,0.28542534,,61128.395,0.981,0.933,80.3063,4.9,87.292,7.384
Denmark,2014,1414.1547,12.38759,0.2835288,,61596.496,0.973,0.932,80.6319,5.0,87.41,6.925
Denmark,2015,1412.2715,12.63832,0.28177238,,62450.02,0.979,0.936,80.7394,5.1,87.526,6.278
Denmark,2016,1408.9635,13.16282,0.28187442,,63868.758,0.979,0.943,80.8814,5.4,87.642,5.989
Denmark,2017,1400.3815,13.011765,0.28746662,,65398.793,0.981,0.944,81.1116,5.5,87.757,5.833
Estonia,2010,1874.7017,13.33069,0.31999895,,30936.557,1.037,0.864,75.8816,3.8,68.094,16.707
Estonia,2011,1918.863,13.3991,0.3248852,,33391.11,1.033,0.873,76.3462,4.1,67.965,12.328
Estonia,2012,1885.6866,13.44874,0.329136,,34741.37,1.022,0.876,76.4159,4.5,67.974,10.021
Estonia,2013,1865.8429,13.53935,0.35075676,,35477.637,1.014,0.881,77.252,4.3,68.122,8.631
Estonia,2014,1859.4319,13.44295,0.3458795,,36752.746,1.019,0.879,77.1104,4.7,68.269,7.352
Estonia,2015,1851.6166,13.48861,0.3266799,,37403.79,1.022,0.883,77.665,5.2,68.416,6.412
Estonia,2016,1855.1993,13.51035,0.3119477,,38549.473,1.02,0.884,77.7631,4.8,68.563,6.882
Estonia,2017,1856.6827,13.55548,0.30354318,,40672.336,1.023,0.886,78.1814,4.9,68.717,5.807
Finland,2010,1667.7671,12.41568,0.2771396,,54520.086,1.003,0.912,80.0116,5.6,83.77,8.394
Finland,2011,1662.4528,12.45692,0.27642646,,55565.156,1.003,0.916,80.3916,5.3,84.313,7.781
Finland,2012,1650.2601,12.48784,0.27096376,,54459.246,1.0,0.916,80.5076,5.3,84.841,7.689
Finland,2013,1639.5857,12.54921,0.27193668,,53677.812,0.988,0.926,80.869,4.6,85.125,8.193
Finland,2014,1636.3311,12.59953,0.26776803,,53200.723,0.989,0.928,81.0546,4.5,85.175,8.663
Finland,2015,1637.1949,12.63367,0.2710181,,53273.14,0.989,0.93,81.3775,4.5,85.225,9.376
Finland,2016,1634.7594,12.686525,0.27078423,,54486.46,0.99,0.931,81.3029,4.5,85.275,8.818
Finland,2017,1659.2806,12.73938,0.2738283,,56154.418,0.99,0.934,81.4967,4.8,85.325,8.64
France,2010,1527.9509,10.77872,0.33720416,,50424.957,0.985,0.88,81.4047,3.9,78.369,9.279
France,2011,1534.6066,10.85154,0.3329475,,51405.387,0.986,0.884,81.781,3.6,78.622,9.228
France,2012,1528.8926,10.9351,0.3311486,,51251.375,0.985,0.885,81.739,3.7,78.878,9.841
France,2013,1513.8743,11.08079,0.32512552,,51385.727,0.985,0.888,81.9786,3.6,79.135,9.913
France,2014,1508.9885,11.2255,0.32262158,,51652.617,0.986,0.892,82.4366,3.6,79.394,10.273
France,2015,1509.4127,11.33419,0.32704228,,52018.332,0.986,0.893,82.1487,3.6,79.655,10.354
France,2016,1502.7285,11.35086,0.31923512,,52327.45,0.985,0.896,82.4008,3.5,79.917,10.057
France,2017,1514.1371,11.4097,0.3163205,,53262.957,0.986,0.899,82.4385,3.5,80.18,9.41
Germany,2010,1389.8829,13.85178,0.30218413,,55233.316,0.949,0.929,80.0814,4.7,76.966,6.967
Germany,2011,1392.8134,13.93055,0.30610505,,58381.22,0.95,0.935,80.3549,4.6,77.16,5.825
Germany,2012,1375.0267,13.97772,0.3105579,,58548.1,0.95,0.937,80.5017,4.8,77.17,5.379
Germany,2013,1362.6976,14.00985,0.31453598,,58614.05,0.952,0.938,80.454,4.6,77.18,5.231
Germany,2014,1367.0791,14.03712,0.30847794,,59636.555,0.952,0.942,80.9056,4.8,77.19,4.981
Germany,2015,1368.1069,14.08202,0.31653914,,60099.637,0.954,0.941,80.5658,4.9,77.2,4.624
Germany,2016,1358.5865,14.13215,0.3141309,,60984.477,0.959,0.941,80.8371,5.0,77.224,4.122
Germany,2017,1353.8868,14.104765,0.31314865,,62407.164,0.959,0.944,80.9371,4.9,77.261,3.746
Greece,2010,2019.5708,10.20827,0.3409893,,37618.684,0.969,0.874,80.5727,5.1,76.292,12.719
Greece,2011,2037.7003,10.305198,0.3484217,,33953.367,0.97,0.871,80.6248,5.0,76.649,17.973
Greece,2012,2055.374,10.402124,0.362504,,31293.428,0.97,0.87,80.4221,4.5,77.004,24.731
Greece,2013,2059.22,10.499052,0.36127293,,30804.97,0.969,0.874,81.067,4.7,77.355,27.686
Greece,2014,2020.8816,10.59598,0.35804707,,31256.527,0.971,0.879,81.1203,4.9,77.702,26.708
Greece,2015,2031.1405,10.74371,0.35996962,,31391.312,0.974,0.881,80.7894,5.0,78.046,24.981
Greece,2016,2030.0905,10.2543,0.34956136,,31512.123,0.971,0.877,81.2692,4.6,78.387,23.514
Greece,2017,2016.8954,10.542858,0.34350377,,32039.643,0.971,0.88,80.9614,4.7,78.724,21.414
Hungary,2010,1956.1836,11.88173,0.2944413,,28156.037,0.992,0.829,74.5189,3.6,68.911,11.172
Hungary,2011,1948.6782,11.92125,0.29157948,,28763.053,0.988,0.833,74.9226,3.6,69.358,11.029
Hungary,2012,1926.5392,11.839,0.3080265,,28550.514,0.987,0.833,75.1826,3.6,69.678,11.003
Hungary,2013,1920.5334,12.00896,0.31504104,,29145.291,0.988,0.843,75.6827,3.7,69.953,10.177
Hungary,2014,1928.3038,11.77344,0.3091348,,30460.725,0.985,0.84,75.8493,3.9,70.227,7.725
Hungary,2015,1923.7209,11.84779,0.30407295,,31665.229,0.983,0.839,75.6536,4.7,70.5,6.813
Hungary,2016,1937.3325,11.88941,0.30324444,,32457.826,0.984,0.843,76.1569,5.3,70.779,5.115
Hungary,2017,1937.3325,11.979455,0.30582693,,33934.516,0.983,0.846,76.007,5.2,71.062,4.156
Iceland,2010,1542.5016,12.921545,0.26171294,,54847.63,0.983,0.927,81.5939,4.9,93.574,7.564
Iceland,2011,1548.2521,13.01108,0.26830265,,55689.62,0.976,0.933,81.9725,4.6,93.587,7.028
Iceland,2012,1523.7321,13.100615,0.26769423,,55983.273,0.97,0.938,82.3459,4.6,93.6,6.0
Iceland,2013,1521.8097,13.19015,0.25402915,,57980.855,0.973,0.942,81.7425,4.4,93.633,5.376
Iceland,2014,1509.6294,13.279685,0.27800417,,58306.83,0.974,0.946,82.4298,4.1,93.667,4.897
Iceland,2015,1509.1685,13.36922,0.26787972,,60262.523,0.971,0.948,82.1638,4.6,93.7,3.979
Iceland,2016,1493.3651,13.458755,0.27241105,,63178.207,0.977,0.951,81.8286,4.9,93.735,2.978
Iceland,2017,1493.3651,13.54829,0.2613158,,64302.406,0.976,0.955,82.241,5.8,93.773,2.742
Ireland,2010,1801.2773,11.56933,0.32295024,,58986.598,0.972,0.908,80.5992,4.5,61.542,14.534
Ireland,2011,1702.1769,10.99996,0.32872406,,59698.258,0.97,0.906,80.7272,4.3,61.742,15.354
Ireland,2012,1707.4982,11.072331,0.33220077,,59208.66,0.972,0.907,80.8524,4.5,61.942,15.451
Ireland,2013,1719.5591,11.144703,0.3348598,,60188.855,0.97,0.911,81.065,4.5,62.141,13.735
Ireland,2014,1731.0465,11.217074,0.31874627,,65328.8,0.969,0.918,81.4063,4.7,62.34,11.858
Ireland,2015,1740.5286,11.289447,0.31820488,,80644.28,0.968,0.924,81.5326,4.7,62.538,9.908
Ireland,2016,1738.7294,11.361818,0.32807183,,80713.984,0.971,0.929,81.6836,4.8,62.737,8.374
Ireland,2017,1745.6843,11.43419,0.31358823,,87863.664,0.974,0.934,82.1032,4.6,62.947,6.713
Israel,2010,1956.2672,12.49516,0.42559466,,37424.074,0.969,0.887,81.9742,6.3,91.826,8.48
Israel,2011,1946.813,12.59789,0.41444165,,38782.516,0.968,0.89,81.9892,6.6,91.892,7.139
Israel,2012,1918.9104,12.68892,0.41302204,,39040.465,0.97,0.891,81.9849,6.4,91.96,6.762
Israel,2013,1908.5657,12.80438,0.39870527,,39939.812,0.972,0.896,82.354,6.5,92.031,6.137
Israel,2014,1894.0676,12.91597,0.3975749,,40702.75,0.973,0.899,82.3608,6.2,92.104,5.789
Israel,2015,1895.4574,12.96025,0.3971953,,40827.438,0.976,0.899,82.2538,6.4,92.179,5.176
Israel,2016,1920.6106,13.055352,0.39013016,,41783.31,0.973,0.902,82.6123,6.2,92.256,4.723
Israel,2017,1920.6106,13.151153,0.38202065,,42732.34,0.986,0.906,82.6993,5.7,92.336,4.14
Italy,2010,1777.2737,9.82297,0.3471675,,50391.234,0.967,0.88,82.1319,3.7,68.327,8.363
Italy,2011,1773.2565,9.89796,0.35052994,,50654.496,0.967,0.883,82.2282,3.4,68.444,8.359
Italy,2012,1734.1747,10.0237,0.3515148,,48939.332,0.968,0.881,82.252,3.5,68.684,10.655
Italy,2013,1719.5074,10.12278,0.3490567,,47495.805,0.966,0.88,82.6522,3.2,68.979,12.149
Italy,2014,1717.1372,10.22186,0.34652385,,47061.367,0.966,0.882,82.9008,3.1,69.272,12.683
Italy,2015,1717.9958,10.30596,0.35390034,,47523.953,0.963,0.881,82.5211,3.2,69.565,11.896
Italy,2016,1724.4153,10.39279,0.35239598,,48193.258,0.966,0.886,83.0459,3.4,69.855,11.688
Italy,2017,1722.6113,10.47962,0.35922197,,49039.57,0.964,0.889,82.7263,3.2,70.144,11.211
Japan,2010,1777.8,12.5299,0.3210032,,41106.26,0.956,0.903,82.916,5.5,90.812,5.103
Japan,2011,1772.7,12.543833,,,41192.277,0.956,0.902,82.6705,5.2,91.069,4.55
Japan,2012,1782.9,12.557766,,,41825.312,0.957,0.906,83.1676,5.3,91.148,4.358
Japan,2013,1761.5,12.571699,0.3285473,,42725.55,0.958,0.909,83.4018,5.3,91.226,4.038
Japan,2014,1756.5,12.585632,,,42909.004,0.96,0.91,83.6434,5.1,91.304,3.589
Japan,2015,1750.9,12.5995655,,,43624.926,0.96,0.913,83.8832,5.1,91.381,3.385
Japan,2016,1742.0,12.613498,,,43976.266,0.962,0.914,84.0568,5.0,91.457,3.132
Japan,2017,1738.3633,12.627431,,,44749.637,0.963,0.916,84.1891,4.9,91.535,2.822
Latvia,2010,1935.1354,12.56456,0.35030317,,23264.59,1.037,0.827,73.0285,4.4,67.841,19.482
Latvia,2011,1951.8978,12.60591,0.3577261,,24411.438,1.032,0.833,73.7176,5.2,67.869,16.206
Latvia,2012,1934.2838,12.70405,0.35236055,,26521.684,1.029,0.837,73.9387,5.5,67.897,15.047
Latvia,2013,1927.7461,12.80915,0.3549739,,27369.172,1.025,0.846,74.1873,5.7,67.925,11.867
Latvia,2014,1938.4757,12.85738,0.3511365,,28206.936,1.026,0.85,74.306,6.3,67.952,10.846
Latvia,2015,1901.7413,12.87024,0.342025,,29514.736,1.03,0.853,74.6646,6.9,67.98,9.873
Latvia,2016,1902.4856,12.93481,0.34328857,,30545.74,1.029,0.858,74.7568,6.6,68.021,9.643
Latvia,2017,1874.5979,13.059031,0.35571036,,31865.121,1.029,0.863,74.8005,6.8,68.075,8.715
Lithuania,2010,1884.2866,12.45812,0.33608764,,27225.742,1.031,0.846,73.1962,6.0,66.757,17.814
Lithuania,2011,1858.8728,12.57373,0.3248645,,29608.605,1.029,0.853,73.608,6.3,66.741,15.39
Lithuania,2012,1857.2939,12.5645,0.35092333,,31323.63,1.027,0.855,73.9644,6.9,66.864,13.365
Lithuania,2013,1841.2473,12.58769,0.35307336,,32922.773,1.023,0.858,74.0268,6.9,66.986,11.77
Lithuania,2014,1833.5299,12.80239,0.37675053,,34459.82,1.021,0.864,74.596,7.6,67.108,10.698
Lithuania,2015,1859.4974,12.95541,0.3737032,,35770.94,1.027,0.865,74.4737,7.6,67.23,9.12
Lithuania,2016,1885.0089,13.1051,0.38385862,,37196.375,1.026,0.87,74.8195,7.4,67.366,7.862
Lithuania,2017,1844.0171,13.18839,0.3728361,,39459.9,1.021,0.878,75.7015,7.5,67.516,7.073
Luxembourg,2010,1516.4979,12.83508,0.3050438,,133098.05,0.976,0.912,80.0987,3.5,88.547,4.361
Luxembourg,2011,1515.0692,12.85512,0.3205409,,131531.75,0.977,0.913,80.2848,3.3,88.906,4.902
Luxembourg,2012,1508.0867,13.00099,0.3434715,,130529.234,0.981,0.917,80.4383,3.4,89.249,5.14
Luxembourg,2013,1502.6809,13.20459,0.32035962,,131592.6,0.979,0.922,80.8544,3.2,89.574,5.848
Luxembourg,2014,1508.2611,13.42529,0.31158078,,131898.62,0.988,0.927,81.2359,3.0,89.884,5.852
Luxembourg,2015,1521.0288,12.45673,0.32921496,,131746.33,0.983,0.914,81.2561,3.6,90.179,6.669
Luxembourg,2016,1519.5106,12.844303,0.31727898,,135355.89,0.988,0.922,81.6199,3.2,90.46,6.291
Luxembourg,2017,1518.8575,12.653233,0.34515306,,133845.17,0.991,0.918,81.0892,3.2,90.727,5.522
Malta,2010,2110.2021,10.3078,0.29025772,,38435.535,0.934,0.862,81.3977,6.3,94.072,6.861
Malta,2011,2052.0757,10.47278,0.2914213,,38652.684,0.948,0.857,80.8038,6.2,94.141,6.388
Malta,2012,2027.42,10.79741,0.29360434,,39878.24,0.951,0.865,81.0638,6.7,94.211,6.203
Malta,2013,2008.3445,11.02759,0.28843665,,41796.285,0.957,0.874,81.8181,6.1,94.279,6.115
Malta,2014,1976.5052,11.12584,0.29020345,,44096.465,0.957,0.881,82.3176,6.6,94.347,5.737
Malta,2015,1964.5587,11.21442,0.29433772,,47199.125,0.966,0.887,82.5914,6.7,94.414,5.389
Malta,2016,2031.9048,11.28811,0.29089025,,48012.285,0.965,0.887,82.6567,6.7,94.48,4.694
Malta,2017,2040.0317,11.564344,0.2923224,,52775.188,0.972,0.896,83.0891,6.3,94.546,4.008
Mexico,2010,2254.0,8.00507,0.47658002,,20298.826,0.955,0.747,73.7181,5.0,77.815,5.303
Mexico,2011,2248.0,8.247495,,,20702.826,0.956,0.753,73.9209,4.9,78.111,5.175
Mexico,2012,2239.0,8.48992,0.49597254,,21149.451,0.955,0.76,74.1278,5.0,78.405,4.892
Mexico,2013,2244.0,8.35723,,,21054.742,0.958,0.761,74.289,4.9,78.699,4.921
Mexico,2014,2242.0,8.40347,0.48912397,,21322.33,0.958,0.765,74.4044,4.8,78.993,4.819
Mexico,2015,2248.0,8.60165,,,21665.557,0.96,0.769,74.4315,4.6,79.285,4.311
Mexico,2016,2255.0,8.5999,0.4691244,,21836.922,0.963,0.773,74.3763,4.4,79.577,3.853
Mexico,2017,2255.0,8.74249,,,22038.57,0.965,0.776,74.2609,4.3,79.867,3.419
Netherlands,2010,1421.3412,11.98348,0.2784524,,62191.176,0.953,0.917,80.8293,4.5,87.134,4.989
Netherlands,2011,1422.4435,11.95781,0.27750087,,62999.508,0.956,0.927,81.1096,4.3,87.879,4.977
Netherlands,2012,1413.1395,12.0216,0.2762093,,62153.023,0.953,0.927,81.059,4.2,88.588,5.821
Netherlands,2013,1417.5695,12.06633,0.2810648,,61951.316,0.953,0.929,81.3011,3.8,89.187,7.243
Netherlands,2014,1428.8756,12.09369,0.2863142,,62724.246,0.954,0.931,81.6503,3.9,89.69,7.416
Netherlands,2015,1423.9202,12.13513,0.2824158,,63771.105,0.956,0.932,81.49,3.8,90.173,6.873
Netherlands,2016,1436.729,12.18412,0.2817357,,64970.418,0.956,0.933,81.5549,3.8,90.635,6.006
Netherlands,2017,1430.0229,12.253565,0.28535804,,66383.98,0.955,0.936,81.7366,3.8,91.077,4.839
New Zealand,2010,1755.0,13.37765,,,41374.203,0.963,0.924,81.0517,4.9,86.16,6.557
New Zealand,2011,1746.0,13.39171,,,41980.227,0.97,0.924,80.8422,4.7,86.1,6.491
New Zealand,2012,1734.0,13.37807,,,42706.58,0.972,0.927,81.1668,4.7,86.161,6.931
New Zealand,2013,1752.0,13.32774,,,43549.457,0.971,0.93,81.6119,4.4,86.221,5.839
New Zealand,2014,1762.0,13.27741,,,44440.12,0.962,0.931,81.4106,4.4,86.281,5.428
New Zealand,2015,1757.0,13.231,,,45170.42,0.963,0.933,81.5866,4.3,86.341,5.415
New Zealand,2016,1752.0,13.33484,,,45822.71,0.972,0.935,82.0027,4.2,86.4,5.147
New Zealand,2017,1752.0,13.237302,,,46400.08,0.968,0.935,81.6053,4.3,86.466,4.736
Norway,2010,1426.4763,12.54957,0.2572369,,83467.305,0.991,0.938,81.0392,4.8,79.102,3.521
Norway,2011,1430.038,12.60601,0.25300157,,83302.54,0.993,0.94,81.2454,4.6,79.455,3.215
Norway,2012,1428.465,12.642094,0.25725982,,84450.15,0.991,0.941,81.4458,4.8,79.874,3.123
Norway,2013,1417.9874,12.678177,0.26361105,,84283.03,0.989,0.945,81.6683,4.7,80.286,3.423
Norway,2014,1420.2477,12.71426,0.26752558,,85044.75,0.989,0.949,82.0869,4.6,80.692,3.484
Norway,2015,1422.5608,12.77121,0.27496743,,85766.61,0.988,0.952,82.2728,4.5,81.091,4.296
Norway,2016,1429.0883,12.81906,0.28493318,,86004.54,0.986,0.956,82.4151,4.5,81.485,4.679
Norway,2017,1417.4723,12.94716,0.2698671,,87414.586,0.985,0.959,82.6242,4.4,81.871,4.162
Poland,2010,2048.8,12.31373,0.3321481,,27584.254,1.005,0.845,76.2823,6.0,60.892,9.637
Poland,2011,2043.6,12.55062,0.33180645,,29018.326,1.006,0.851,76.5683,5.4,60.78,9.632
Poland,2012,2038.4,12.78314,0.3302016,,29457.092,1.006,0.855,76.7748,5.4,60.654,10.088
Poland,2013,2034.7546,12.77855,0.33137318,,29676.557,1.006,0.865,77.0758,4.7,60.529,10.326
Poland,2014,2041.3219,12.83731,0.32824445,,30863.12,1.004,0.867,77.312,5.0,60.403,8.99
Poland,2015,2049.009,12.921064,0.3175091,,32252.387,1.006,0.869,77.5894,5.0,60.278,7.501
Poland,2016,2050.3591,13.00482,0.31189167,,33244.3,1.007,0.872,77.6395,5.1,60.178,6.161
Poland,2017,2028.4952,13.044803,0.2968527,,34952.836,1.007,0.874,77.7155,5.1,60.105,4.888
Portugal,2010,1889.7576,8.05815,0.35844672,,36897.203,0.993,0.831,80.1149,3.8,60.567,10.771
Portugal,2011,1866.5815,8.27712,0.36344677,,36318.336,0.988,0.836,80.5822,3.4,61.167,12.682
Portugal,2012,1849.0493,8.49537,0.36034793,,34988.68,0.988,0.837,80.5549,3.3,61.763,15.531
Portugal,2013,1859.1348,8.65514,0.36187103,,34835.01,0.989,0.842,80.9029,3.1,62.352,16.188
Portugal,2014,1866.8982,8.87094,0.35562173,,35283.008,0.985,0.847,81.3135,3.0,62.936,13.897
Portugal,2015,1874.9194,8.98673,0.355233,,35992.688,0.989,0.85,81.3213,3.1,63.514,12.447
Portugal,2016,1864.5854,9.11258,0.3519052,,36830.03,0.989,0.851,81.3636,3.1,64.086,11.068
Portugal,2017,1863.1744,9.21823,0.3380384,,38143.758,0.99,0.857,81.6605,3.3,64.652,8.869
Romania,2010,1860.6654,10.73447,0.3547109,,25125.145,0.982,0.813,73.5793,5.7,53.829,6.959
Romania,2011,1893.7997,10.85896,0.3586662,,26384.123,0.98,0.813,74.2877,5.2,53.96,7.177
Romania,2012,1811.5428,10.9559,0.3654543,,27006.336,0.976,0.807,74.314,5.4,53.974,6.794
Romania,2013,1806.4569,11.02074,0.3691507,,27182.37,0.969,0.811,74.9179,5.4,53.937,7.096
Romania,2014,1792.5336,10.85934,0.36009043,,28407.402,0.963,0.811,74.7654,5.9,53.9,6.802
Romania,2015,1785.6711,10.98409,0.35913625,,29442.305,0.955,0.813,74.7371,6.3,53.887,6.812
Romania,2016,1792.7908,11.08049,0.34406662,,30458.562,0.975,0.815,75.0209,6.8,53.9,5.901
Romania,2017,1805.9998,11.14865,0.36012593,,33145.82,0.98,0.823,75.0236,7.3,53.936,4.927
Slovakia,2010,1805.1501,12.274459,0.2731572,,29809.037,0.994,0.841,75.4963,4.7,54.685,14.387
Slovakia,2011,1793.0127,12.49848,0.2653828,,30533.477,0.992,0.846,76.0181,4.7,54.42,13.634
Slovakia,2012,1789.0425,12.37735,0.26115808,,30959.865,0.991,0.846,76.1764,4.8,54.28,13.966
Slovakia,2013,1771.6141,12.442,0.28086153,,31144.129,0.99,0.849,76.5139,4.7,54.14,14.227
Slovakia,2014,1759.6132,12.4436,0.26103425,,31956.469,0.992,0.851,76.8484,4.9,54.0,11.537
Slovakia,2015,1754.0863,12.63834,0.26491234,,33578.89,0.994,0.852,76.6505,5.3,53.889,11.492
Slovakia,2016,1740.0107,12.71166,0.2515492,,34188.84,0.992,0.855,77.2156,5.5,53.806,9.679
Slovakia,2017,1745.2307,12.76618,0.23237365,,35117.14,0.996,0.857,77.22,5.8,53.751,8.142
Slovenia,2010,1680.1403,12.0592,0.24933259,,38364.383,1.003,0.89,79.3008,3.2,52.658,7.248
Slovenia,2011,1663.1636,12.21229,0.24868034,,38535.707,1.008,0.892,79.5884,3.2,52.883,8.182
Slovenia,2012,1644.5905,12.28007,0.25585502,,37333.69,1.003,0.892,79.7652,3.4,53.108,8.852
Slovenia,2013,1662.4053,12.38017,0.26241106,,36975.92,0.995,0.901,80.0884,3.0,53.332,10.116
Slovenia,2014,1681.9049,12.42836,0.25657535,,37960.152,0.997,0.903,80.2517,3.2,53.557,9.692
Slovenia,2015,1687.8574,12.5673,0.25408465,,38839.44,1.0,0.903,80.4994,3.1,53.781,8.975
Slovenia,2016,1666.9202,12.66755,0.24757937,,39988.71,0.999,0.909,80.512,3.2,54.02,8.007
Slovenia,2017,1655.089,12.70029,0.24219307,,42030.492,1.001,0.912,80.6163,3.1,54.273,6.573
South Korea,2010,2157.0649,11.63821,0.32021224,,37728.88,0.93,0.89,80.7172,6.5,81.936,3.324
South Korea,2011,2127.1472,11.733834,,,38819.777,0.931,0.895,81.1685,6.6,81.923,2.992
South Korea,2012,2103.2305,11.829458,0.31558052,,39543.996,0.933,0.897,81.3075,6.5,81.851,2.812
South Korea,2013,2094.2297,11.925082,,,40610.164,0.934,0.902,81.8356,6.4,81.779,2.747
South Korea,2014,2069.3149,12.020706,0.31192905,,41648.246,0.935,0.906,82.3641,6.0,81.707,3.082
South Korea,2015,2076.2959,12.11633,,,42593.008,0.936,0.908,82.5404,5.9,81.634,3.546
South Korea,2016,2063.3315,12.214286,0.35222206,,43674.508,0.938,0.912,82.9204,5.5,81.562,3.65
South Korea,2017,2063.3315,12.313033,0.34854642,,44928.05,0.94,0.915,83.2784,5.2,81.503,3.653
Spain,2010,1710.3958,9.36303,0.35244486,,42515.49,0.98,0.868,82.0063,3.6,78.442,19.86
Spain,2011,1715.5109,9.48401,0.35693976,,42093.582,0.98,0.873,82.1804,3.4,78.673,21.391
Spain,2012,1701.1927,9.51069,0.35403663,,40861.01,0.98,0.875,82.1905,3.5,78.902,24.788
Spain,2013,1693.5347,9.615365,0.36181897,,40409.99,0.98,0.88,82.6943,3.3,79.133,26.094
Spain,2014,1694.5872,9.72004,0.3605231,,41147.246,0.98,0.884,82.8283,3.4,79.366,24.442
Spain,2015,1699.4991,9.91214,0.3617834,,42851.414,0.981,0.889,82.6109,3.6,79.602,22.058
Spain,2016,1701.3669,10.01108,0.35757092,,44063.383,0.986,0.894,82.9999,3.7,79.84,19.635
Spain,2017,1686.4973,10.0767145,0.3465126,,45233.24,0.986,0.896,82.9862,3.7,80.08,17.224
Sweden,2010,1635.0068,12.20699,0.27736187,,55875.72,0.995,0.91,81.519,5.3,85.056,8.61
Sweden,2011,1632.517,12.27527,0.27605262,,57209.918,0.995,0.912,81.7584,5.0,85.297,7.804
Sweden,2012,1618.3754,12.34176,0.27643898,,56552.895,0.995,0.912,81.7299,5.3,85.62,7.976
Sweden,2013,1608.7183,12.23345,0.28822792,,56713.703,0.989,0.932,81.9354,5.4,85.936,8.052
Sweden,2014,1609.4229,12.29454,0.28388658,,57442.918,0.99,0.935,82.2241,5.5,86.247,7.954
Sweden,2015,1610.072,12.35441,0.29209688,,59345.35,0.988,0.937,82.1844,5.3,86.553,7.432
Sweden,2016,1626.4591,12.4136,0.29561213,,59981.418,0.986,0.939,82.3391,5.4,86.852,6.99
Sweden,2017,1609.2896,12.48605,0.28774142,,60258.727,0.979,0.941,82.4377,5.2,87.146,6.718
Switzerland,2010,1624.3464,13.32365,0.3255303,,74961.31,0.965,0.94,82.2873,5.5,73.607,4.808
Switzerland,2011,1619.3169,13.32542,0.3171362,,75476.55,0.964,0.94,82.5738,5.3,73.631,4.409
Switzerland,2012,1603.2313,13.41355,0.31567127,,75560.02,0.964,0.943,82.6167,5.3,73.653,4.491
Switzerland,2013,1582.8923,13.526831,0.3246219,,76034.81,0.966,0.947,82.6892,4.9,73.674,4.747
Switzerland,2014,1575.3215,13.64011,0.3252566,,76877.805,0.966,0.951,83.0841,5.1,73.696,4.826
Switzerland,2015,1589.4751,13.71188,0.32306957,,77257.68,0.968,0.952,82.8461,5.0,73.718,4.801
Switzerland,2016,1589.6758,13.66668,0.33042452,,77999.46,0.965,0.954,83.4457,5.0,73.739,4.918
Switzerland,2017,1589.6758,13.733185,0.32676333,,78328.09,0.968,0.955,83.414,4.8,73.761,4.797
Turkey,2010,1877.0,7.09209,0.3878508,,19751.621,0.905,0.75,74.9642,8.0,70.825,11.879
Turkey,2011,1864.0,7.35898,0.40039355,,21643.8,0.91,0.763,74.8234,8.0,71.402,9.789
Turkey,2012,1855.0,7.48707,0.40168938,,22392.938,0.915,0.772,75.5519,8.0,71.974,9.21
Turkey,2013,1832.0,7.63214,0.401785,,23983.133,0.92,0.802,76.1705,7.9,72.531,9.713
Turkey,2014,1832.0,7.79505,0.41236562,,24830.574,0.919,0.812,76.4519,7.8,73.077,9.901
Turkey,2015,1832.0,7.9584,0.42854458,,25992.297,0.923,0.821,76.5389,7.7,73.611,10.304
Turkey,2016,1832.0,8.09984,0.41873705,,26497.135,0.933,0.826,76.5948,7.5,74.134,10.899
Turkey,2017,1832.0,8.26819,0.4353174,,28117.953,0.937,0.833,77.0372,7.1,74.644,10.919
United Kingdom,2010,1643.2079,13.21277,0.337056,,48766.29,0.977,0.913,80.3908,4.4,81.302,7.787
United Kingdom,2011,1641.3157,13.18757,0.33191085,,48937.477,0.978,0.909,80.7961,4.4,81.57,8.038
United Kingdom,2012,1655.1066,13.33853,0.33090645,,49331.72,0.977,0.91,80.8594,4.7,81.837,7.885
United Kingdom,2013,1665.8917,12.83395,0.32699567,,49884.434,0.978,0.923,80.9232,4.2,82.102,7.525
United Kingdom,2014,1672.2679,12.88898,0.3314094,,51100.336,0.981,0.924,81.1529,4.4,82.365,6.11
United Kingdom,2015,1669.0747,12.979763,0.33311963,,51823.973,0.981,0.923,80.919,4.2,82.626,5.301
United Kingdom,2016,1668.3876,13.070547,0.33109283,,52421.082,0.982,0.926,81.0675,4.3,82.886,4.81
United Kingdom,2017,1670.2728,13.16133,0.3260817,,53449.293,0.983,0.929,81.164,4.1,83.143,4.33
United States,2010,1736.095,13.05184,0.40007547,,59799.285,0.991,0.916,78.6681,6.8,80.772,9.633
United States,2011,1745.0492,13.10288,0.40934193,,60294.98,0.991,0.918,78.7023,6.8,80.944,8.949
United States,2012,1745.438,13.14148,0.4093412,,61224.406,0.99,0.92,78.8169,6.8,81.119,8.069
United States,2013,1750.0786,13.20003,0.40649238,,62089.348,0.991,0.922,78.8175,6.8,81.299,7.375
United States,2014,1754.4224,13.22458,0.41508022,,63191.246,0.993,0.923,78.8785,6.9,81.483,6.168
United States,2015,1765.1826,13.25188,0.41235605,,64575.406,0.993,0.924,78.7219,6.9,81.671,5.28
United States,2016,1760.796,13.34291,0.41118968,,65275.57,0.992,0.926,78.686,7.0,81.862,4.869
United States,2017,1757.2255,13.41329,0.41177237,,66458.02,0.993,0.928,78.6483,6.9,82.058,4.355
